Application Date,Contact Email,Contact Phone Number,Company Name,Job Title,Job Url,Resume Name,Question And Answers
"7/5/23, 7:01 AM",abhinav147.work@gmail.com, +916382662307,HyperVerge,Deep Learning Engineer (Internship),http://www.linkedin.com/jobs/view/3646954637,,Mobile phone number:+91 6382662307 | Last name:Srivatsa | First name:Abhinav | Email address:abhinav147.work@gmail.com | Job Listing Type:BASIC | Will you be willing to relocate to Bengaluru?:Yes
"6/29/23, 9:12 AM",abhinav147.work@gmail.com, +916382662307,Angel One,Intern Api Developer,http://www.linkedin.com/jobs/view/3629188161,Abhinav Srivatsa Internship Resume.pdf,"Do you have experience as APi developer?:Yes | Whats your relevant experience in programming langauge such as Java,python or Javascript?:Yes | Have you done BE/BTech from computer field?:Yes | Will you be ok for  internship of 3 months and 8000 stipend?:Yes | Please submit a resume or LinkedIn profile:1749741542.pdf | Email address:abhinav147.work@gmail.com | Mobile phone number:+91 6382662307"
"6/29/23, 9:07 AM",abhinav147.work@gmail.com, +916382662307,hushh.ai,Data Engineer Intern,http://www.linkedin.com/jobs/view/3524917446,Abhinav Srivatsa Internship Resume.pdf,Email address:abhinav147.work@gmail.com | How many years of work experience do you have with Python (Programming Language)?:3 | Please submit a resume or LinkedIn profile:-423366414.pdf | Mobile phone number:+91 6382662307 | How many years of work experience do you have with JavaScript?:4 | How many years of work experience do you have with PyTorch?:1
"6/29/23, 9:40 AM",abhinav147.work@gmail.com, +916382662307,,,http://www.linkedin.com/jobs/view/3603444524,Abhinav Srivatsa Internship Resume.pdf,"Major / Field of study:Computer Science | Will you now or in the future require Vontive to provide immigration-related support or sponsorship in order to employ you in the United States?:No | School:Isha Home School | Dates attended:2010-06-01 - 2020-04-01 | Last name:Srivatsa | Dates of employment:2019-12-null - 2020-01-null | First name:Abhinav | Mobile phone number:+91 6382662307 | Industry:Computer Science | Major / Field of study:School | Company:Isha Foundation | Dates attended:2021-09-01 - 2025-04-01 | Job Listing Type:BASIC | Description:During my internship at the Isha Foundation's IT department, I redesigned their application to enhance readability and user-friendliness. Collaborating with the development team, I implemented a modern design approach, simplifying complex features and improving the overall user experience. Through intuitive layouts and streamlined navigation, I created a visually appealing application that offered an enjoyable and seamless user interaction. Contributing to the Foundation's mission of empowering individuals through technology was a rewarding experience, and I am eager to continue enhancing user experiences through innovative design. | Degree:Bachelor of Technology - BTech | Degree:Indian School Certificate | Your title:Software Developer Intern | Email address:abhinav147.work@gmail.com | School:Vellore Institute of Technology | Please submit a resume or LinkedIn profile:1749741542.pdf"
"6/29/23, 9:34 AM",abhinav147.work@gmail.com, +916382662307,Toplyne,SDE Intern - Platform,http://www.linkedin.com/jobs/view/3625697022,Abhinav Srivatsa Internship Resume.pdf,"Email address:abhinav147.work@gmail.com | Can you work on-site from our Bangalore office?:Yes | Can you dedicate between 3 to 6 months to this internship, full time?:Yes | Do you have prior internship experience?:1 | Please submit a resume or LinkedIn profile:1749741542.pdf | Mobile phone number:+91 6382662307"
