Organization,Followed On
Flipkart,Tue Aug 01 11:33:21 UTC 2023
LinkedIn,Tue Aug 01 11:33:18 UTC 2023
Meta,Tue Aug 01 11:33:17 UTC 2023
HyperVerge,Wed Jul 05 14:01:52 UTC 2023
Vontive,Thu Jun 29 16:40:10 UTC 2023
Toplyne,Thu Jun 29 16:34:27 UTC 2023
Angel One,Thu Jun 29 16:13:00 UTC 2023
hushh.ai,Thu Jun 29 15:37:03 UTC 2023
Microsoft,Thu Jun 29 15:35:21 UTC 2023
Belong Education,Wed Jun 28 16:55:37 UTC 2023
Cohere,Wed Jun 28 16:46:34 UTC 2023
Bear Robotics,Wed Jun 28 06:55:15 UTC 2023
Neuralink,Wed Jun 28 05:12:25 UTC 2023
LinkedIn News India,Sat Jun 24 16:44:24 UTC 2023
HDFC Bank,Sat Jun 24 12:50:02 UTC 2023
OYO,Sat Jun 24 12:47:56 UTC 2023
MakeMyTrip,Sat Jun 24 12:47:52 UTC 2023
Accenture,Sat Jun 24 12:45:01 UTC 2023
Amazon,Sat Jun 24 12:45:01 UTC 2023
Google,Sat Jun 24 12:45:00 UTC 2023
IBM,Sat Jun 24 12:44:42 UTC 2023
Fresher Jobs,Sat Jun 24 12:41:12 UTC 2023
MapmyIndia,Sat Jun 24 12:41:04 UTC 2023
Isha Home School,Sat Jun 24 12:29:38 UTC 2023
Vellore Institute of Technology,Sat Jun 24 12:20:59 UTC 2023