Time,Search Query
2023/06/24 12:29:35 UTC,isha home school
2023/06/28 04:50:50 UTC,mapmyindia
2023/06/28 16:09:04 UTC,intern
2023/06/24 12:37:07 UTC,swe intern
2023/06/29 16:04:02 UTC,amazon intenship
2023/06/28 17:36:55 UTC,nitya menon
2023/06/29 15:12:27 UTC,intern
2023/07/04 17:04:02 UTC,intern
2023/06/28 16:56:32 UTC,google internship
2023/06/28 16:37:06 UTC,swe internship
2023/07/01 16:36:44 UTC,intern
2023/07/05 13:25:35 UTC,software engineer intern
2023/06/26 14:39:56 UTC,intern
2023/07/05 13:43:44 UTC,back end intern
2023/06/24 16:44:32 UTC,swe intern
2023/07/05 13:56:56 UTC,software engineer intern
2023/07/05 13:42:27 UTC,software engineer intern
2023/06/24 12:35:38 UTC,software intern
2023/06/26 14:39:58 UTC,mapmyindia
2023/07/05 13:56:56 UTC,intern
2023/06/24 12:39:45 UTC,swe intern
2023/06/24 12:37:05 UTC,swe intern
2023/07/06 18:41:26 UTC,karthik chandran
2023/06/30 16:13:11 UTC,intern
2023/06/24 12:23:36 UTC,intern
2023/06/24 12:42:51 UTC,swe intern
2023/06/24 12:29:35 UTC,isha home school
2023/06/29 18:30:30 UTC,shyama muthu
2023/06/29 18:30:02 UTC,shyama isha home school
2023/06/28 16:17:15 UTC,intern
2023/06/28 16:17:15 UTC,intern
2023/06/28 15:35:18 UTC,intern
2023/06/24 12:36:41 UTC,intern
2023/06/24 12:39:01 UTC,swe intern
2023/07/05 13:44:33 UTC,data science intern
2023/06/29 18:30:04 UTC,shyama isha home school
2023/06/24 12:29:36 UTC,isha home school
2023/07/05 13:43:44 UTC,back end intern
2023/06/29 15:12:27 UTC,intern
2023/06/28 16:37:12 UTC,swe internship
2023/06/24 12:33:56 UTC,data science intern
2023/06/28 16:17:15 UTC,intern
2023/06/24 12:47:50 UTC,makemytrip
2023/06/24 12:39:07 UTC,swe intern
2023/06/28 15:46:32 UTC,intern
2023/06/28 16:37:06 UTC,swe internship
2023/06/24 12:37:05 UTC,swe intern
2023/07/05 16:03:08 UTC,intern
2023/06/29 16:04:56 UTC,google internship
2023/07/02 17:03:30 UTC,intern
2023/06/28 17:09:16 UTC,intern
2023/07/03 09:06:04 UTC,internships by ot
2023/07/05 13:25:41 UTC,internships bangalore
2023/06/28 15:35:17 UTC,intern
2023/07/05 13:44:49 UTC,intern
2023/06/24 12:43:04 UTC,swe intern
2023/06/24 12:41:23 UTC,mapmyindia
2023/07/03 09:06:12 UTC,intern
2023/07/04 12:51:14 UTC,siemens internship
2023/06/24 12:43:00 UTC,swe intern
2023/07/01 16:52:02 UTC,intern
2023/06/29 18:30:30 UTC,shyama muthu
2023/06/24 12:39:45 UTC,intern
2023/06/24 12:38:56 UTC,intern
2023/06/28 17:36:56 UTC,nischal nischal
2023/06/28 06:23:27 UTC,mapmyindia
2023/07/05 13:44:33 UTC,data science intern
2023/07/05 13:25:19 UTC,intern
2023/06/24 12:29:08 UTC,swe intern
2023/07/05 14:01:47 UTC,hyperverge
2023/07/02 16:07:05 UTC,intern
2023/06/28 16:35:51 UTC,swe internship
2023/06/25 05:33:13 UTC,Software Engineer
2023/06/28 06:23:27 UTC,intern
2023/07/06 16:02:20 UTC,intern
2023/06/24 12:30:42 UTC,Software Engineer
2023/06/29 15:43:51 UTC,Product Management Intern
2023/07/06 16:02:20 UTC,intern
2023/06/24 12:35:59 UTC,intern
2023/06/28 17:36:55 UTC,nischay pasrija
2023/06/24 12:43:03 UTC,swe intern
2023/06/29 13:09:44 UTC,Software Engineer
2023/06/29 15:45:30 UTC,sundar pichai
2023/06/29 13:09:49 UTC,Intern
2023/06/24 12:28:10 UTC,swe intern
2023/06/29 16:13:43 UTC,Intern
2023/07/03 16:04:30 UTC,intern
2023/07/06 12:56:11 UTC,intern
2023/06/28 06:28:53 UTC,Software Engineer
2023/12/19 17:42:07 UTC,intern
2023/12/17 17:50:55 UTC,intern
2023/12/19 17:05:08 UTC,intern
2023/12/20 14:16:04 UTC,intern
2023/12/14 14:08:18 UTC,intern
2023/12/15 18:05:54 UTC,intern
2023/12/28 14:00:48 UTC,intern
2023/12/18 14:16:56 UTC,kanishk nadkarni
2023/12/19 13:54:43 UTC,intern
2023/12/06 23:09:26 UTC,intern
2023/12/14 17:55:38 UTC,intern
2023/12/11 13:51:34 UTC,intern
2023/12/05 10:39:24 UTC,dakshitaa karthikeyan
2023/12/20 17:56:37 UTC,intern
2023/12/22 17:42:12 UTC,intern
2023/12/17 17:26:51 UTC,intern
2023/12/29 17:00:01 UTC,intern
2023/12/13 16:58:39 UTC,intern
2023/12/08 13:54:47 UTC,intern
2023/12/14 17:16:04 UTC,intern
2023/12/18 17:45:02 UTC,intern
2023/07/02 16:07:05 UTC,intern
2023/07/05 13:44:49 UTC,software engineer intern
2023/06/28 16:03:59 UTC,mapmyindia
2023/06/28 05:10:50 UTC,Software Engineer
2023/06/24 12:38:11 UTC,Software Engineer
2023/06/29 16:04:56 UTC,intern
2023/07/04 12:51:33 UTC,siemens internship
2023/06/29 16:35:17 UTC,Software Engineer
2023/06/29 16:04:02 UTC,intern
2023/06/29 16:04:02 UTC,intern
2023/07/06 18:41:26 UTC,karthik chandran
2023/06/29 15:45:22 UTC,sundar pichai
2023/06/29 16:35:13 UTC,Graphic Programmer
2023/07/02 16:07:05 UTC,intern
2023/06/28 16:56:38 UTC,intern
2023/06/24 12:30:00 UTC,swe intern
2023/06/24 12:32:49 UTC,machine learning intern
2023/06/24 12:42:54 UTC,swe intern
2023/06/28 06:23:27 UTC,swe intern
2023/07/05 16:03:08 UTC,intern
2023/07/04 12:51:20 UTC,siemens internship
2023/06/29 16:11:18 UTC,intern
2023/07/05 14:01:26 UTC,Software Engineer
2023/06/24 12:34:32 UTC,software intern
2023/07/01 16:06:06 UTC,intern
2023/06/24 12:38:57 UTC,intern
2023/06/29 16:40:22 UTC,Software Engineer Intern
2023/06/28 06:28:25 UTC,hiring 
2023/07/05 13:44:49 UTC,tech intern
2023/06/24 12:33:56 UTC,data science intern
2023/06/28 17:36:56 UTC,nischal nadhamuni
2023/06/28 15:46:32 UTC,mapmyindia
2023/06/29 15:44:25 UTC,Product Management Intern
2023/07/05 13:44:49 UTC,data science intern
2023/07/05 13:41:40 UTC,software engineer intern
2023/07/01 16:36:43 UTC,intern
2023/06/24 12:38:57 UTC,software intern
2023/07/05 14:01:28 UTC,your/dev.
2023/06/24 12:41:44 UTC,mapmyindia
2023/06/29 15:52:27 UTC,nithil kumaran
2023/06/28 16:39:57 UTC,swe internship
2023/06/29 18:32:48 UTC,ramanujan isha home school
2023/06/28 17:36:56 UTC,nischal nair
2023/06/24 12:36:17 UTC,intern
2023/06/29 15:45:19 UTC,sundar muthuganesan
2023/06/28 15:35:15 UTC,intern
2023/07/05 13:25:41 UTC,intern
2023/06/29 16:36:10 UTC,Software Engineer
2023/06/24 12:41:36 UTC,mapmyindia
2023/06/24 16:44:32 UTC,intern
2023/07/03 09:06:11 UTC,internships bangalore
2023/06/28 17:37:04 UTC,nischal nair
2023/06/24 12:40:58 UTC,mapmyindia
2023/06/24 12:36:51 UTC,intern
2023/06/26 17:08:53 UTC,intern
2023/06/28 15:46:31 UTC,software intern
2023/07/01 16:36:42 UTC,intern
2023/06/28 04:50:50 UTC,swe intern
2023/06/29 15:22:41 UTC,Software Engineer
2023/06/28 04:50:50 UTC,data science intern
2023/06/29 18:25:04 UTC,karn varshenaya
2023/06/28 15:46:31 UTC,software intern
2023/06/28 15:35:17 UTC,intern
2023/07/03 09:04:26 UTC,Software Engineer
2023/07/05 13:56:57 UTC,tech intern
2023/06/24 12:39:45 UTC,intern
2023/07/04 12:51:04 UTC,siemens energy
2023/06/28 15:46:25 UTC,software intern
2023/06/28 16:36:10 UTC,software intern
2023/06/28 17:35:51 UTC,intern
2023/06/24 12:30:01 UTC,swe intern
2023/06/28 13:13:25 UTC,intern
2023/06/28 05:10:55 UTC,Software Engineer
2023/07/01 16:36:43 UTC,google internship
2023/06/28 17:42:50 UTC,University of Maryland Baltimore County
2023/07/04 12:50:59 UTC,garghi seenevas
2023/06/24 12:38:57 UTC,software intern
2023/06/24 12:29:07 UTC,swe intern
2023/07/03 17:09:24 UTC,intern
2023/06/28 06:23:27 UTC,intern
2023/06/29 16:36:11 UTC,Software Engineer
2023/06/27 12:52:49 UTC,intern
2023/12/10 14:07:43 UTC,intern
2023/12/29 14:14:51 UTC,intern
2023/12/05 14:05:07 UTC,intern
2023/12/18 17:00:33 UTC,intern
2023/12/09 14:05:14 UTC,intern
2023/12/06 17:49:34 UTC,intern
2023/12/23 16:58:37 UTC,intern
2023/12/14 17:16:04 UTC,intern
2023/12/17 17:26:51 UTC,intern
2023/12/12 13:54:45 UTC,intern
2023/12/28 17:48:49 UTC,intern
2023/12/18 14:09:04 UTC,intern
2023/12/16 16:49:41 UTC,intern
2023/12/18 14:16:54 UTC,kanishk nadkarni
2023/12/27 16:55:25 UTC,intern
2024/01/02 14:08:02 UTC,intern
2023/12/23 17:57:06 UTC,intern
2023/12/15 17:05:03 UTC,intern
2023/12/07 16:01:06 UTC,emotorad
2023/12/05 17:17:13 UTC,intern
2023/12/12 17:07:07 UTC,intern
2023/12/31 17:57:25 UTC,intern
2023/12/08 17:59:37 UTC,intern
2023/12/30 14:05:42 UTC,intern
2023/12/07 16:01:04 UTC,emotiv
2023/12/20 17:17:53 UTC,intern
2023/12/23 13:51:18 UTC,intern
2023/12/11 17:42:53 UTC,intern
2023/12/27 13:40:13 UTC,intern
2023/12/09 18:43:23 UTC,intern
2023/12/13 16:58:39 UTC,intern
2023/12/10 17:01:14 UTC,intern
2023/12/22 17:07:20 UTC,intern
2023/12/21 17:58:59 UTC,intern
2023/12/10 17:01:14 UTC,intern
2023/12/25 17:10:46 UTC,intern
2023/12/16 16:49:41 UTC,intern
2023/12/07 15:51:50 UTC,intern
2023/07/28 16:26:10 UTC,intern
2023/07/31 13:03:26 UTC,intern
2023/09/13 12:39:13 UTC,intern
2023/08/24 16:56:06 UTC,intern
2023/07/20 15:59:29 UTC,intern
2023/09/07 13:04:51 UTC,intern
2023/07/09 10:02:05 UTC,intern
2023/07/09 09:59:48 UTC,software engineer intern
2023/07/12 07:41:08 UTC,sri harsha
2023/08/30 15:59:52 UTC,intern
2023/09/19 16:30:45 UTC,intern
2023/08/27 16:03:12 UTC,intern
2023/08/17 12:58:18 UTC,intern
2023/09/30 12:44:27 UTC,intern
2023/10/14 16:43:46 UTC,intern
2023/07/14 05:57:29 UTC,Software Engineer
2023/07/26 16:03:01 UTC,intern
2023/09/26 15:57:46 UTC,intern
2023/08/27 16:54:30 UTC,intern
2023/08/18 15:57:33 UTC,intern
2023/07/13 12:56:16 UTC,intern
2023/09/03 12:56:41 UTC,intern
2023/07/09 10:01:59 UTC,software engineer intern
2023/08/02 13:05:07 UTC,intern
2023/09/10 16:06:11 UTC,intern
2023/07/25 17:07:09 UTC,intern
2023/08/07 17:11:43 UTC,intern
2023/07/09 10:06:48 UTC,intern
2023/10/03 16:17:51 UTC,intern
2023/09/15 13:07:18 UTC,intern
2023/09/02 15:53:04 UTC,intern
2023/10/05 19:43:43 UTC,intern
2023/07/09 10:02:05 UTC,software engineer intern
2023/09/18 16:11:11 UTC,intern
2023/09/24 12:53:08 UTC,intern
2023/09/12 12:56:58 UTC,intern
2023/10/09 16:20:47 UTC,intern
2023/07/29 17:06:40 UTC,intern
2023/07/09 10:06:48 UTC,hyperverge
2023/09/24 17:01:34 UTC,intern
2023/09/19 12:54:59 UTC,intern
2023/07/09 09:59:48 UTC,tech intern
2023/10/11 16:16:22 UTC,intern
2023/07/11 16:44:30 UTC,intern
2023/09/21 16:07:30 UTC,intern
2023/07/09 10:06:48 UTC,intern
2023/08/17 16:03:19 UTC,intern
2023/11/29 18:03:23 UTC,intern
2023/11/07 17:58:44 UTC,intern
2023/10/30 15:54:01 UTC,intern
2023/11/28 18:32:48 UTC,intern
2023/11/17 14:03:45 UTC,intern
2023/11/10 14:03:45 UTC,intern
2023/11/11 18:02:44 UTC,intern
2023/11/19 17:49:36 UTC,intern
2023/11/20 17:06:45 UTC,intern
2023/11/14 17:54:32 UTC,intern
2023/11/16 17:03:57 UTC,intern
2023/10/17 17:07:05 UTC,intern
2023/10/15 12:58:34 UTC,intern
2023/11/09 18:02:31 UTC,intern
2023/11/22 14:17:05 UTC,intern
2023/10/19 12:50:56 UTC,intern
2023/11/17 17:58:04 UTC,intern
2023/10/24 16:09:46 UTC,intern
2023/10/23 16:55:50 UTC,intern
2023/11/03 17:10:29 UTC,intern
2023/10/26 16:18:13 UTC,intern
2023/11/08 17:02:44 UTC,intern
2024/01/01 14:22:22 UTC,intern
2023/12/05 10:39:24 UTC,intern
2023/12/23 16:58:37 UTC,intern
2023/12/21 13:58:19 UTC,intern
2023/12/27 18:03:32 UTC,intern
2023/12/24 18:28:42 UTC,intern
2023/12/21 16:56:03 UTC,intern
2023/12/24 17:13:04 UTC,intern
2023/12/30 17:07:03 UTC,intern
2023/12/11 17:42:53 UTC,intern
2023/11/08 14:08:55 UTC,intern
2023/11/04 12:52:41 UTC,intern
2023/11/25 13:57:59 UTC,intern
2023/10/25 16:15:52 UTC,intern
2023/11/04 16:05:56 UTC,intern
2023/10/31 16:19:17 UTC,intern
2023/11/27 17:52:56 UTC,intern
2023/10/21 16:47:30 UTC,intern
2023/11/03 16:02:37 UTC,intern
2023/11/18 17:41:04 UTC,intern
2023/10/20 16:48:33 UTC,intern
2023/10/19 17:00:14 UTC,intern
2023/11/16 14:07:52 UTC,intern
2023/11/15 17:01:01 UTC,intern
2023/10/27 16:51:16 UTC,intern
2023/12/02 14:06:25 UTC,intern
2023/11/08 17:02:44 UTC,intern
2023/11/06 17:13:30 UTC,intern
2023/11/22 18:02:39 UTC,intern
2023/11/15 17:01:01 UTC,intern
2023/10/18 13:14:13 UTC,intern
2023/11/05 13:45:51 UTC,intern
2023/11/10 17:05:11 UTC,intern
2023/11/22 17:07:30 UTC,intern
2023/11/12 17:05:16 UTC,intern
2023/10/15 16:17:42 UTC,intern
2023/11/18 13:55:00 UTC,intern
2023/11/08 17:58:04 UTC,intern
2023/11/20 13:58:47 UTC,intern
2023/11/05 17:00:23 UTC,intern
2023/11/20 17:06:45 UTC,intern
2023/11/25 17:56:09 UTC,intern
2023/10/27 15:54:06 UTC,intern
2023/10/24 16:55:41 UTC,intern
2023/11/14 17:03:18 UTC,intern
2023/10/16 16:59:29 UTC,intern
2023/10/20 15:52:59 UTC,intern
2023/11/29 14:10:04 UTC,intern
2023/10/19 16:04:05 UTC,intern
2023/11/15 17:59:47 UTC,intern
2023/11/25 17:11:06 UTC,intern
2023/10/18 16:16:17 UTC,intern
2023/12/03 17:11:32 UTC,intern
2023/11/20 17:54:33 UTC,intern
2023/11/18 17:10:17 UTC,intern
2023/10/20 12:56:01 UTC,intern
2023/08/18 16:57:18 UTC,intern
2023/07/27 12:49:40 UTC,intern
2023/07/25 16:04:07 UTC,intern
2023/07/16 13:06:16 UTC,intern
2023/07/08 17:07:07 UTC,intern
2023/07/09 10:06:54 UTC,intern
2023/07/09 09:59:48 UTC,data science intern
2023/07/29 16:06:07 UTC,intern
2023/07/17 16:30:51 UTC,intern
2023/08/18 15:57:33 UTC,intern
2023/08/07 05:22:59 UTC,Software Engineer
2023/07/24 16:57:01 UTC,intern
2023/07/12 12:56:05 UTC,intern
2023/08/03 15:58:19 UTC,intern
2023/07/10 16:09:17 UTC,intern
2023/08/08 16:06:16 UTC,intern
2023/08/04 17:07:02 UTC,intern
2023/07/12 16:12:29 UTC,intern
2023/07/13 17:07:32 UTC,intern
2023/07/15 17:09:46 UTC,intern
2023/07/11 13:03:21 UTC,intern
2023/08/16 17:01:51 UTC,intern
2023/08/19 16:16:51 UTC,intern
2023/08/15 17:21:50 UTC,intern
2023/07/19 16:08:13 UTC,intern
2023/07/09 10:02:05 UTC,back end intern
2023/07/09 10:04:59 UTC,software engineer intern
2023/07/17 13:01:47 UTC,intern
2023/08/13 16:09:09 UTC,intern
2023/08/06 17:04:26 UTC,intern
2023/07/09 16:10:34 UTC,intern
2023/08/23 17:25:22 UTC,intern
2023/07/25 12:51:45 UTC,intern
2023/07/11 14:37:35 UTC,anand shankar hariharan
2023/07/15 16:09:34 UTC,intern
2023/08/16 16:10:31 UTC,intern
2023/07/16 16:20:17 UTC,intern
2023/07/09 10:01:59 UTC,internships bangalore
2023/07/10 12:43:06 UTC,intern
2023/07/07 13:08:08 UTC,intern
2023/08/25 11:18:24 UTC,giridhar hcl
2023/07/16 13:06:16 UTC,intern
2023/08/01 11:24:34 UTC,emotorad
2023/07/08 13:01:42 UTC,intern
2023/08/22 16:03:55 UTC,intern
2023/08/07 13:10:58 UTC,intern
2023/08/02 16:56:24 UTC,intern
2023/08/01 12:52:49 UTC,intern
2023/08/01 15:59:32 UTC,intern
2023/09/28 12:46:44 UTC,intern
2023/07/03 09:06:04 UTC,internshala
2023/09/23 16:13:08 UTC,intern
2023/10/05 16:15:00 UTC,intern
2023/09/28 17:07:44 UTC,intern
2023/06/29 15:52:24 UTC,nithil kumar
2023/06/28 04:50:50 UTC,intern
2023/09/14 17:23:17 UTC,intern
2023/10/01 12:48:44 UTC,intern
2023/09/23 12:40:15 UTC,intern
2023/09/29 15:53:44 UTC,intern
2023/09/21 16:07:30 UTC,intern
2023/09/09 16:54:08 UTC,intern
2023/09/11 18:44:22 UTC,intern
2023/10/09 16:20:47 UTC,intern
2023/10/02 12:57:30 UTC,intern
2023/07/05 13:41:40 UTC,software engineer intern
2023/06/29 18:29:13 UTC,arjun Sivakumar
2023/10/06 16:14:27 UTC,intern
2023/09/02 17:03:14 UTC,intern
2023/06/24 12:36:58 UTC,software intern
2023/07/04 12:50:59 UTC,seimitsu factory automation pvt. ltd.
2023/06/28 16:03:59 UTC,intern
2023/06/28 16:15:22 UTC,jpmorgan chase & co.
2023/09/03 16:54:51 UTC,intern
2023/06/26 13:04:55 UTC,intern
2023/08/31 08:31:38 UTC,sparsh varma vit
2023/09/14 13:01:18 UTC,intern
2023/06/28 16:03:56 UTC,intern
2023/09/17 13:01:39 UTC,intern
2023/06/27 12:52:49 UTC,intern
2023/06/29 18:30:02 UTC,shyama isha home school
2023/07/05 13:44:32 UTC,data science intern
2023/09/22 17:06:07 UTC,intern
2023/06/24 12:39:01 UTC,swe intern
2023/10/06 16:49:43 UTC,intern
2023/08/27 13:03:10 UTC,intern
2023/10/08 16:52:28 UTC,intern
2023/09/28 16:05:13 UTC,intern
2023/09/16 15:48:42 UTC,intern
2023/06/29 16:11:19 UTC,google internship
2023/10/12 17:00:11 UTC,intern
2023/10/02 16:57:58 UTC,intern
2023/09/29 17:00:50 UTC,intern
2023/10/13 16:52:05 UTC,intern
2023/06/28 17:38:49 UTC,nischal nair
2023/07/12 17:12:45 UTC,intern
2023/07/20 15:59:29 UTC,intern
2023/08/16 16:10:31 UTC,intern
2023/07/18 16:12:27 UTC,intern
2023/09/29 13:03:10 UTC,intern
2023/07/09 10:04:59 UTC,intern
2023/08/02 16:07:43 UTC,intern
2023/08/14 17:10:26 UTC,intern
2023/07/14 13:03:10 UTC,intern
2023/07/27 16:08:03 UTC,intern
2023/08/11 16:11:14 UTC,intern
2023/08/05 16:02:57 UTC,intern
2023/07/15 16:09:34 UTC,intern
2023/08/01 16:54:44 UTC,intern
2023/07/23 16:09:17 UTC,intern
2023/07/09 10:04:59 UTC,data science intern
2023/07/21 12:57:54 UTC,intern
2023/07/09 10:01:59 UTC,intern
2023/07/22 18:46:22 UTC,Software Engineer
2023/08/03 17:08:27 UTC,intern
2023/07/09 09:59:49 UTC,intern
2023/09/09 16:05:49 UTC,intern
2023/08/09 17:32:23 UTC,Software Engineer
2023/08/10 16:02:24 UTC,intern
2023/07/27 16:08:03 UTC,intern
2023/07/09 10:02:05 UTC,hyperverge
2023/08/12 16:03:59 UTC,intern
2023/07/18 17:16:33 UTC,intern
2023/09/06 16:59:02 UTC,intern
2023/07/16 16:57:26 UTC,intern
2023/08/01 15:59:32 UTC,intern
2023/07/19 17:08:42 UTC,intern
2023/09/05 13:04:56 UTC,intern
2023/08/17 12:58:18 UTC,intern
2023/09/21 17:02:40 UTC,intern
2023/07/28 17:23:46 UTC,intern
2023/08/25 16:53:31 UTC,intern
2023/08/22 16:03:55 UTC,intern
2023/07/14 13:03:10 UTC,intern
2023/08/17 16:03:19 UTC,intern
2023/08/08 13:11:21 UTC,intern
2023/08/03 15:58:19 UTC,intern
2023/08/18 13:17:28 UTC,intern
2023/07/09 09:59:48 UTC,software engineer intern
2023/10/13 16:14:08 UTC,intern
2023/07/09 10:06:48 UTC,software engineer intern
2023/07/09 10:01:59 UTC,machine learning intern
2023/08/23 16:32:55 UTC,intern
2023/07/27 17:12:31 UTC,intern
2023/08/13 16:09:09 UTC,intern
2023/09/13 16:08:58 UTC,intern
2023/09/08 16:22:39 UTC,intern
2023/09/01 16:01:54 UTC,intern
2023/07/21 16:10:11 UTC,intern
2023/08/01 12:52:49 UTC,intern
2023/07/30 13:01:28 UTC,intern
2023/09/18 16:11:11 UTC,intern
2023/08/24 16:06:54 UTC,intern
2023/08/15 17:21:50 UTC,intern
2023/07/08 16:10:26 UTC,intern
2023/07/22 16:06:20 UTC,intern
2023/09/20 16:04:36 UTC,intern
2023/09/26 16:48:26 UTC,intern
2023/07/11 16:06:09 UTC,intern
2023/08/11 16:11:14 UTC,intern
2023/07/22 13:01:10 UTC,intern
2023/07/11 14:37:36 UTC,ajio
2023/07/11 14:29:30 UTC,hyperverge
2023/08/01 11:17:40 UTC,Software Engineer
2023/07/11 16:06:09 UTC,intern
2023/07/28 13:18:44 UTC,intern
2023/08/03 13:09:11 UTC,intern
2023/07/11 16:06:09 UTC,intern
2023/07/18 16:12:27 UTC,intern
2023/07/10 16:09:17 UTC,intern
2023/07/14 16:03:29 UTC,intern
2023/07/09 10:06:48 UTC,tech intern
2023/09/04 13:11:34 UTC,intern
2023/10/10 16:27:28 UTC,intern
2023/10/04 16:18:55 UTC,intern
2023/09/14 15:54:54 UTC,intern
2023/09/11 13:09:47 UTC,intern
2023/07/06 17:05:56 UTC,intern
2023/08/31 08:31:50 UTC,sparsh verma vit
2023/10/14 15:57:13 UTC,intern
2023/08/30 13:08:18 UTC,intern
2023/09/26 15:57:46 UTC,intern
2023/09/27 12:53:49 UTC,intern
2023/09/21 12:47:21 UTC,intern
2023/10/05 17:58:17 UTC,intern
2023/06/29 18:26:44 UTC,nischal nair
2023/06/29 16:11:19 UTC,internin
2023/09/12 15:58:27 UTC,intern
2023/10/09 17:09:54 UTC,intern
2023/09/19 16:30:45 UTC,intern
2023/10/07 16:09:10 UTC,intern
2023/09/02 15:53:04 UTC,intern
2023/09/11 16:04:55 UTC,intern
2023/10/09 13:02:16 UTC,intern
2023/06/29 16:11:19 UTC,intern
2023/09/27 16:04:26 UTC,intern
2023/09/15 16:03:58 UTC,intern
2023/07/03 09:06:12 UTC,amazon intenship
2023/09/05 16:49:44 UTC,intern
2023/10/06 12:53:30 UTC,intern
2023/09/25 16:16:27 UTC,intern
2023/07/05 16:31:35 UTC,Software Engineer
2023/07/01 16:06:06 UTC,intern
2023/10/07 12:57:39 UTC,intern
2023/06/24 12:36:58 UTC,intern
2023/07/11 14:29:30 UTC,machine learning intern
2023/07/09 10:06:54 UTC,intern
2023/07/09 10:02:05 UTC,data science intern
2023/08/14 12:52:44 UTC,intern
2023/08/20 12:56:42 UTC,intern
2023/07/14 17:00:14 UTC,intern
2023/07/11 14:29:30 UTC,software engineer intern
2023/08/05 13:00:34 UTC,intern
2023/08/17 16:03:19 UTC,intern
2023/07/10 12:43:06 UTC,intern
2023/07/19 13:14:40 UTC,intern
2023/07/08 16:10:26 UTC,intern
2023/08/01 11:24:33 UTC,embedded
2023/08/15 12:59:56 UTC,intern
2023/07/22 16:06:19 UTC,intern
2023/08/24 12:59:28 UTC,intern
2023/08/12 13:07:29 UTC,intern
2023/07/30 16:08:09 UTC,intern
2023/07/09 10:04:59 UTC,back end intern
2023/07/26 16:03:01 UTC,intern
2023/07/18 17:16:33 UTC,intern
2023/07/18 16:12:27 UTC,intern
2023/07/21 16:10:11 UTC,intern
2023/07/09 10:06:54 UTC,software engineer intern
2023/08/21 13:12:26 UTC,intern
2023/07/09 09:59:48 UTC,intern
2023/07/09 09:59:48 UTC,intern
2023/07/18 16:12:27 UTC,intern
2023/07/09 17:07:08 UTC,intern
2023/07/09 10:01:59 UTC,hyperverge
2023/08/09 17:24:54 UTC,intern
2023/08/13 17:08:43 UTC,intern
2023/08/19 16:56:56 UTC,intern
2023/07/09 10:02:01 UTC,intern
2023/07/11 14:37:35 UTC,ajit industries pvt. ltd.
2023/08/15 16:25:18 UTC,intern
2023/07/12 17:12:45 UTC,intern
2023/08/19 16:16:51 UTC,intern
2023/08/13 16:09:09 UTC,intern
2023/07/29 16:06:07 UTC,intern
2023/07/20 13:03:21 UTC,intern
2023/07/19 17:08:42 UTC,intern
2023/08/21 17:03:11 UTC,intern
2023/10/02 16:17:49 UTC,intern
2023/08/26 15:54:04 UTC,intern
2023/06/24 12:36:06 UTC,intern
2023/06/24 12:34:23 UTC,software intern
2023/09/12 17:06:49 UTC,intern
2023/09/24 16:13:06 UTC,intern
2023/09/19 17:27:15 UTC,intern
2023/08/29 16:02:51 UTC,intern
2023/09/25 12:53:18 UTC,intern
2023/09/22 16:00:51 UTC,intern
2023/08/31 08:31:49 UTC,sparsh verma vit
2023/09/05 16:10:29 UTC,intern
2023/07/02 17:03:30 UTC,intern
2023/07/03 16:04:30 UTC,intern
2023/10/14 12:40:27 UTC,intern
2023/06/28 16:35:59 UTC,swe internship
2023/09/07 17:11:59 UTC,intern
2023/09/20 16:57:08 UTC,intern
2023/10/10 17:03:56 UTC,intern
2023/10/04 16:18:55 UTC,intern
2023/10/08 16:00:47 UTC,intern
2023/09/10 17:04:41 UTC,intern
2023/10/04 13:02:13 UTC,intern
2023/08/26 16:58:34 UTC,intern
2023/09/17 16:07:28 UTC,intern
2023/06/28 16:36:10 UTC,intern
2023/09/15 16:56:13 UTC,intern
2023/09/10 16:06:11 UTC,intern
2023/08/29 16:02:51 UTC,intern
2023/07/04 12:51:28 UTC,siemens internship
2023/09/01 17:02:41 UTC,intern
2023/07/04 16:00:44 UTC,intern
2023/07/03 09:06:12 UTC,google internship
2023/06/24 12:32:38 UTC,machine learning intern
2023/08/31 08:31:27 UTC,sparsh verma
2023/09/20 12:55:46 UTC,intern
2023/09/06 13:20:12 UTC,intern
2023/09/07 16:11:37 UTC,intern
2023/08/31 15:59:18 UTC,intern
2023/10/04 17:09:13 UTC,intern
2023/07/08 13:01:42 UTC,intern
2023/07/28 13:18:44 UTC,intern
2023/08/19 12:59:13 UTC,intern
2023/07/07 16:23:52 UTC,intern
2023/09/29 15:53:44 UTC,intern
2023/08/01 11:24:36 UTC,emotorad
2023/07/07 17:07:08 UTC,intern
2023/08/25 12:48:38 UTC,intern
2023/08/12 17:02:50 UTC,intern
2023/08/20 16:59:54 UTC,intern
2023/08/07 15:58:33 UTC,intern
2023/08/14 16:09:37 UTC,intern
2023/08/22 13:01:56 UTC,intern
2023/09/16 17:02:51 UTC,intern
2023/07/25 12:51:45 UTC,intern
2023/10/03 17:08:25 UTC,intern
2023/08/09 13:06:48 UTC,intern
2023/07/17 16:30:51 UTC,intern
2023/07/09 09:59:48 UTC,machine learning intern
2023/08/09 16:15:39 UTC,intern
2023/09/23 17:03:45 UTC,intern
2023/08/12 16:03:59 UTC,intern
2023/08/09 16:15:39 UTC,intern
2023/07/11 14:37:36 UTC,ajit dhar
2023/07/26 16:03:01 UTC,intern
2023/08/05 16:02:57 UTC,intern
2023/07/09 09:59:48 UTC,tech intern
2023/08/02 16:07:43 UTC,intern
2023/08/25 11:18:25 UTC,giridhar hcl
2023/09/18 13:05:03 UTC,intern
2023/08/20 15:58:44 UTC,intern
2023/07/30 16:08:09 UTC,intern
2023/07/09 16:10:34 UTC,intern
2023/07/11 14:29:30 UTC,data science intern
2023/07/09 10:02:07 UTC,Software Engineer
2023/07/09 10:01:59 UTC,data science intern
2023/07/09 09:59:48 UTC,internships bangalore
2023/08/28 13:06:22 UTC,intern
2023/07/25 16:04:07 UTC,intern
2023/08/10 17:08:09 UTC,intern
2023/07/22 13:01:10 UTC,intern
2023/07/09 10:06:54 UTC,internships bangalore
2023/07/28 16:26:10 UTC,intern
2023/08/05 17:04:01 UTC,intern
2023/07/11 14:37:36 UTC,ajit dodani
2023/09/09 13:00:50 UTC,intern
2023/07/31 16:02:39 UTC,intern
2023/09/05 16:10:29 UTC,intern
2023/08/06 13:02:26 UTC,intern
2023/08/17 16:55:48 UTC,intern
2023/09/04 17:06:24 UTC,intern
2023/09/10 12:56:51 UTC,intern
2023/08/28 17:08:04 UTC,intern
2023/08/22 16:41:13 UTC,intern
2023/07/09 09:59:48 UTC,software engineer intern
2023/07/23 16:09:17 UTC,intern
2023/08/01 12:06:25 UTC,Software Engineer
2023/07/09 10:06:54 UTC,back end intern
2023/07/12 16:12:29 UTC,intern
2023/08/06 16:25:48 UTC,intern
2023/08/04 13:10:33 UTC,intern
2023/07/12 16:12:29 UTC,intern
2023/07/09 10:02:02 UTC,Software Engineer
2023/07/26 13:12:12 UTC,intern
2023/07/09 09:59:48 UTC,hyperverge
2023/07/28 17:23:46 UTC,intern
2023/07/11 17:00:15 UTC,intern
2023/08/24 12:59:28 UTC,intern
2023/07/09 10:02:05 UTC,internships bangalore
2023/07/25 16:04:07 UTC,intern
2023/07/31 17:14:52 UTC,intern
2023/07/09 10:05:01 UTC,Software Engineer
2023/07/11 14:37:41 UTC,ajit dharmarajan
2023/07/16 16:20:17 UTC,intern
2023/08/16 16:10:31 UTC,intern
2023/08/20 16:59:54 UTC,intern
2023/07/20 17:05:12 UTC,intern
2023/08/11 17:13:28 UTC,intern
2023/08/15 16:25:18 UTC,intern
2023/07/30 17:02:52 UTC,intern
2023/07/09 10:01:59 UTC,back end intern
2023/08/18 15:57:33 UTC,intern
2023/08/04 16:00:56 UTC,intern
2023/07/30 16:08:09 UTC,intern
2023/07/21 16:10:11 UTC,intern
2023/07/09 09:59:48 UTC,software engineer intern
2023/07/07 13:08:08 UTC,intern
2023/08/08 16:06:16 UTC,intern
2023/08/23 13:13:20 UTC,intern
2023/07/29 16:06:07 UTC,intern
2023/07/31 16:02:39 UTC,intern
2023/07/09 10:01:59 UTC,tech intern
2023/07/09 09:59:48 UTC,internships bangalore
2023/08/01 15:59:32 UTC,intern
2023/08/04 16:00:56 UTC,intern
2023/08/13 16:09:09 UTC,intern
2023/07/09 10:01:59 UTC,software engineer intern
2023/08/01 16:54:44 UTC,intern
2023/08/14 12:52:44 UTC,intern
2023/08/16 16:10:32 UTC,intern
2023/07/09 10:02:05 UTC,machine learning intern
2023/08/12 16:03:59 UTC,intern
2023/07/19 13:14:40 UTC,intern
2023/08/23 16:32:55 UTC,intern
2023/07/17 13:01:47 UTC,intern
2023/07/20 15:59:29 UTC,intern
2023/08/09 16:15:39 UTC,intern
2023/07/03 09:06:12 UTC,intern
2023/07/05 14:49:24 UTC,back end intern
2023/06/29 15:45:45 UTC,sundar pichai
2023/06/29 18:28:59 UTC,arjun Sivakumar
2023/06/28 04:51:30 UTC,intern
2023/07/05 13:56:56 UTC,software engineer intern
2023/06/24 12:41:45 UTC,mapmyindia
2023/09/16 15:48:42 UTC,intern
2023/07/05 13:25:33 UTC,software engineer intern
2023/06/28 17:35:47 UTC,internin
2023/09/25 17:10:14 UTC,intern
2023/07/05 14:49:24 UTC,data science intern
2023/08/27 16:03:12 UTC,intern
2023/07/05 14:49:07 UTC,Software Engineer
2023/07/03 09:06:12 UTC,amazon intenship
2023/07/05 13:25:19 UTC,intern
2023/06/29 18:30:09 UTC,kavya isha home school
2023/07/05 16:31:43 UTC,anand shankar hariharan
2023/10/08 12:59:28 UTC,intern
2023/09/14 15:54:54 UTC,intern
2023/06/28 15:34:55 UTC,Software Engineer
2023/06/28 15:35:17 UTC,intern
2023/06/28 04:50:50 UTC,software intern
2023/09/25 16:16:27 UTC,intern
2023/09/23 16:13:08 UTC,intern
2023/10/01 16:04:06 UTC,intern
2023/06/28 16:35:50 UTC,software intern
2023/10/11 16:16:22 UTC,intern
2023/09/13 16:08:58 UTC,intern
2023/09/11 16:04:55 UTC,intern
2023/10/03 16:17:51 UTC,intern
2023/07/01 13:06:43 UTC,intern
2023/10/13 12:56:16 UTC,intern
2023/09/27 17:11:46 UTC,intern
2023/06/26 14:39:58 UTC,swe intern
2023/06/28 16:56:38 UTC,internin
2023/06/29 13:03:58 UTC,intern
2023/07/05 14:01:28 UTC,hiring
2023/06/28 06:23:27 UTC,intern
2023/06/28 17:35:47 UTC,google internship
2023/06/28 17:35:47 UTC,amazon intenship
2023/09/03 15:56:09 UTC,intern
2023/06/24 12:42:16 UTC,Software Engineer
2023/06/28 16:36:10 UTC,jp morgan
2023/06/28 15:46:21 UTC,software intern
2023/08/30 15:59:52 UTC,intern
2023/09/04 16:01:55 UTC,intern
2023/06/29 18:25:21 UTC,karn varshneya
2023/06/28 16:58:54 UTC,amazon intenship
2023/06/24 12:39:45 UTC,software intern
2023/06/28 16:03:59 UTC,software intern
2023/06/24 17:01:45 UTC,Software Engineer
2023/06/28 16:36:10 UTC,intern
2023/07/11 14:37:36 UTC,ajit dhoble
2023/07/24 16:03:40 UTC,intern
2023/07/24 13:05:22 UTC,intern
2023/07/17 17:24:40 UTC,intern
2023/07/27 16:08:03 UTC,intern
2023/07/09 16:10:34 UTC,intern
2023/09/17 16:07:28 UTC,intern
2023/08/20 15:58:44 UTC,intern
2023/07/23 12:59:22 UTC,intern
2023/08/13 12:55:13 UTC,intern
2023/08/11 13:08:42 UTC,intern
2023/07/09 09:59:48 UTC,data science intern
2023/07/15 17:09:46 UTC,intern
2023/07/09 10:06:54 UTC,software engineer intern
2023/07/13 16:13:33 UTC,intern
2023/07/07 16:23:52 UTC,intern
2023/08/31 08:31:26 UTC,sparsh verma
2023/08/20 15:58:44 UTC,intern
2023/08/31 08:31:28 UTC,sparsh verma
2023/08/21 15:50:40 UTC,intern
2023/10/13 16:14:08 UTC,intern
2023/08/04 17:07:02 UTC,intern
2023/07/22 17:01:33 UTC,intern
2023/07/21 17:08:47 UTC,intern
2023/07/08 16:10:26 UTC,intern
2023/08/10 12:54:04 UTC,intern
2023/08/19 16:16:51 UTC,intern
2023/07/09 10:06:54 UTC,data science intern
2023/07/07 16:23:52 UTC,intern
2023/07/15 16:09:34 UTC,intern
2023/08/09 16:15:39 UTC,intern
2023/08/02 16:56:24 UTC,intern
2023/07/23 16:58:02 UTC,intern
2023/08/14 16:09:37 UTC,intern
2023/07/14 16:03:29 UTC,intern
2023/08/18 15:57:33 UTC,intern
2023/10/01 16:04:06 UTC,intern
2023/09/28 16:05:13 UTC,intern
2023/07/21 12:57:54 UTC,intern
2023/07/13 12:56:16 UTC,intern
2023/07/25 16:04:07 UTC,intern
2023/07/19 16:08:13 UTC,intern
2023/07/11 14:29:30 UTC,tech intern
2023/07/10 16:09:17 UTC,intern
2023/07/24 16:57:01 UTC,intern
2023/08/01 11:24:31 UTC,aasritha edara
2023/08/16 13:24:39 UTC,intern
2023/10/02 16:17:49 UTC,intern
2023/08/23 13:13:20 UTC,intern
2023/08/18 13:17:28 UTC,intern
2023/07/14 16:03:29 UTC,intern
2023/07/11 13:03:20 UTC,intern
2023/08/25 11:18:33 UTC,giridhar
2023/08/31 08:31:38 UTC,sparsh varma vit
2023/08/14 16:09:37 UTC,intern
2023/08/25 11:18:34 UTC,giridhar
2023/07/09 10:06:48 UTC,back end intern
2023/07/07 17:07:08 UTC,intern
2023/08/21 17:03:11 UTC,intern
2023/07/22 16:47:53 UTC,Software Engineer
2023/08/28 16:02:33 UTC,intern
2023/09/04 16:01:55 UTC,intern
2023/08/31 15:59:18 UTC,intern
2023/07/10 17:15:36 UTC,intern
2023/08/01 11:24:33 UTC,emotorad
2023/07/11 14:37:35 UTC,ajitesh sriram
2023/08/22 13:01:56 UTC,intern
2023/07/28 16:26:10 UTC,intern
2023/07/22 16:06:19 UTC,intern
2023/12/04 17:21:28 UTC,intern
2023/12/07 16:01:03 UTC,belong education
2023/12/05 10:39:24 UTC,doyenhub software solution 
2023/12/07 16:01:04 UTC,emotorad
2024/01/01 17:11:23 UTC,intern
2023/12/11 19:30:16 UTC,intern
2024/01/02 17:18:37 UTC,intern
2023/12/06 17:08:47 UTC,intern
2023/12/28 16:56:49 UTC,intern
2023/12/07 16:03:16 UTC,EMotorad
2023/12/15 17:05:03 UTC,intern
2023/12/15 13:53:18 UTC,intern
2023/12/07 16:03:18 UTC,EMotorad
2023/12/07 14:00:12 UTC,intern
2023/12/09 17:13:47 UTC,intern
2023/12/05 10:39:24 UTC,nj doyne construction ltd
2023/12/13 14:07:35 UTC,intern
2023/12/30 17:58:34 UTC,intern
2023/12/26 17:49:47 UTC,intern
2023/12/20 17:17:53 UTC,intern
2023/12/07 17:34:53 UTC,intern
2023/12/26 14:01:35 UTC,intern
2023/12/29 17:57:52 UTC,intern
2023/12/29 17:00:01 UTC,intern
2023/12/25 17:10:46 UTC,intern
2023/12/05 18:35:46 UTC,intern
2023/12/22 14:09:06 UTC,intern
2023/12/22 17:07:20 UTC,intern
2023/06/29 12:24:30 UTC,Product Management Intern
2023/06/24 12:36:42 UTC,intern
2023/07/05 13:41:40 UTC,software engineer intern
2023/06/28 05:42:06 UTC,Software Engineer
2023/07/01 16:36:44 UTC,intern
2023/07/05 16:31:42 UTC,arjun sivakumar
2023/06/24 12:40:58 UTC,mapmyindia
2023/06/30 17:11:34 UTC,intern
2023/06/28 17:36:55 UTC,nisch reddy
2023/06/24 12:29:58 UTC,swe intern
2023/06/28 15:35:17 UTC,mapmyindia
2023/06/29 18:25:22 UTC,karn varshneya
2023/10/29 12:58:02 UTC,intern
2023/06/24 12:38:52 UTC,intern
2023/06/24 12:41:53 UTC,mapmyindia
2023/06/30 02:47:24 UTC,satyam badera
2023/06/24 12:42:50 UTC,swe intern
2023/06/28 15:46:18 UTC,swe intern
2023/06/24 12:41:48 UTC,mapmyindia
2023/07/03 16:04:30 UTC,intern
2023/06/29 16:42:14 UTC,Software Engineer
2023/06/28 06:23:27 UTC,Software Engineer
2023/07/05 14:01:34 UTC,hyperverge
2023/06/28 15:46:32 UTC,intern
2023/06/24 12:39:09 UTC,swe intern
2023/07/01 16:36:44 UTC,intern
2023/06/29 18:33:03 UTC,kailash gautham
2023/06/29 14:22:33 UTC,Software Engineer
2023/07/05 14:49:24 UTC,software engineer intern
2023/06/28 16:36:10 UTC,swe internship
2023/06/28 16:17:15 UTC,software intern
2023/06/28 16:09:02 UTC,intern
2023/06/24 12:32:33 UTC,machine learning intern
2023/06/29 18:28:51 UTC,arjun Sivakumar
2023/06/28 16:02:41 UTC,oliver wyman
2023/06/29 15:22:44 UTC,dinesh radhakrishnan
2023/07/05 13:25:19 UTC,amazon intenship
2023/06/28 16:09:04 UTC,software intern
2023/06/28 17:35:47 UTC,swe internship
2023/12/01 14:07:10 UTC,intern
2023/06/29 12:24:22 UTC,Product Management Intern
2023/11/21 17:55:46 UTC,intern
2023/06/28 16:15:24 UTC,jp morgan
2023/07/06 16:02:20 UTC,intern
2023/06/29 15:12:28 UTC,intern
2023/06/28 17:35:47 UTC,swe internship
2023/07/05 13:43:45 UTC,back end intern
2023/07/05 13:44:49 UTC,software engineer intern
2023/06/24 12:38:57 UTC,swe intern
2023/06/29 16:36:10 UTC,Software Engineer
2023/06/24 12:29:05 UTC,swe intern
2023/06/26 14:39:57 UTC,intern
2023/07/05 16:03:08 UTC,intern
2023/06/28 04:59:25 UTC,Software Engineer
2023/07/01 16:36:43 UTC,internin
2023/06/28 17:35:51 UTC,intern
2023/06/27 17:05:16 UTC,intern
2023/06/24 16:44:32 UTC,data science intern
2023/06/29 16:04:02 UTC,internin
2023/06/28 16:02:44 UTC,ola
2023/07/05 13:25:41 UTC,intern
2023/07/03 13:01:58 UTC,intern
2023/07/05 17:18:30 UTC,intern
2023/06/29 13:50:06 UTC,intern
2023/06/24 12:38:54 UTC,intern
2023/06/28 16:17:15 UTC,jp morgan
2023/06/29 12:24:58 UTC,Software Engineer
2023/06/28 17:35:46 UTC,intern
2023/06/28 16:56:38 UTC,swe internship
2023/06/29 16:11:19 UTC,amazon intenship
2023/06/30 16:13:11 UTC,intern
2023/06/28 15:50:35 UTC,software intern
2023/06/28 16:02:41 UTC,oyo
2023/07/05 14:01:35 UTC,software engineer intern
2023/07/03 09:06:04 UTC,intern
2023/07/05 08:46:58 UTC,intern
2023/12/13 17:55:20 UTC,intern
2023/12/25 18:02:23 UTC,intern
2023/12/12 17:07:07 UTC,intern
2023/12/05 17:17:13 UTC,intern
2023/12/18 17:00:33 UTC,intern
2023/12/24 17:13:04 UTC,intern
2023/12/07 18:49:34 UTC,intern
2023/12/07 17:34:53 UTC,intern
2023/12/21 16:56:03 UTC,intern
2023/12/19 17:05:08 UTC,intern
2024/01/01 17:48:55 UTC,intern
2023/12/18 14:16:54 UTC,kanishk nadkarni
2023/12/31 13:57:57 UTC,intern
2023/12/05 10:39:24 UTC,jagadeep douriradje
2023/12/10 18:03:05 UTC,intern
2023/12/28 16:56:49 UTC,intern
2023/12/04 14:38:38 UTC,intern
2023/12/16 18:01:48 UTC,intern
2023/12/24 13:55:34 UTC,intern
2023/12/16 13:42:54 UTC,intern
2023/12/26 17:18:25 UTC,intern
2023/12/17 13:57:07 UTC,intern
2023/12/08 16:54:00 UTC,intern
2023/12/30 17:07:03 UTC,intern
2023/12/12 18:01:22 UTC,intern
2023/12/26 17:18:25 UTC,intern
2023/12/25 14:03:32 UTC,intern
2024/01/01 17:11:23 UTC,intern
2023/12/27 16:55:25 UTC,intern
2023/12/04 17:21:28 UTC,intern
2023/12/31 17:00:20 UTC,intern
2023/12/09 17:13:47 UTC,intern
2023/12/06 17:08:47 UTC,intern
2023/12/08 16:54:00 UTC,intern
2023/12/31 17:00:20 UTC,intern
2024/01/02 17:18:37 UTC,intern
2023/12/04 18:01:06 UTC,intern
2023/06/30 13:20:01 UTC,intern
2023/06/28 15:46:31 UTC,software intern
2023/07/05 13:56:56 UTC,data science intern
2023/06/28 06:28:27 UTC,hiring 
2023/06/28 16:15:26 UTC,jp morgan
2023/06/24 12:34:32 UTC,software intern
2023/06/24 12:39:03 UTC,swe intern
2023/06/24 12:36:08 UTC,intern
2023/07/05 14:49:24 UTC,tech intern
2023/06/24 12:39:45 UTC,swe intern
2023/06/28 17:38:48 UTC,nischal nair
2023/06/24 12:36:19 UTC,intern
2023/07/05 14:49:24 UTC,hyperverge
2023/06/28 16:09:04 UTC,intern
2023/06/28 15:35:17 UTC,software intern
2023/06/24 17:01:35 UTC,Software Engineer
2023/07/03 17:09:24 UTC,intern
2023/06/29 13:50:08 UTC,intern
2023/06/24 12:36:15 UTC,intern
2023/07/06 18:41:27 UTC,karthik chandran
2023/07/05 13:56:56 UTC,machine learning intern
2023/06/28 17:38:48 UTC,nischal nair
2023/07/05 16:03:08 UTC,intern
2023/07/01 16:36:43 UTC,intern
2023/06/24 12:38:49 UTC,intern
2023/06/24 12:33:49 UTC,data science intern
2023/07/01 16:36:43 UTC,amazon intenship
2023/06/24 12:42:00 UTC,Software Engineer
2023/06/28 16:02:41 UTC,ola
2023/06/24 12:36:30 UTC,intern
2023/06/29 12:22:51 UTC,Software Engineer
2023/06/29 13:03:58 UTC,intern
2023/06/29 18:32:05 UTC,rajendran p
2023/06/24 12:35:58 UTC,intern
2023/06/29 15:52:23 UTC,nithil kesavan
2023/06/29 15:45:21 UTC,sundar
2023/06/24 12:36:49 UTC,intern
2023/07/05 14:49:17 UTC,data science intern
2023/06/28 17:36:56 UTC,nischa
2023/06/28 16:09:04 UTC,intern
2023/06/28 16:36:10 UTC,intern
2023/06/28 16:56:38 UTC,jp morgan
2023/06/28 16:36:09 UTC,swe internship
2023/06/30 16:13:11 UTC,intern
2023/07/05 14:49:15 UTC,data science intern
2023/06/28 17:36:56 UTC,nischal naik
2023/06/29 15:45:25 UTC,sundar pichai
2023/07/04 12:50:58 UTC,swe internship
2023/06/29 12:22:14 UTC,Software Engineer
2023/07/06 12:56:11 UTC,intern
2023/06/24 12:33:52 UTC,data science intern
2023/06/24 12:39:45 UTC,software intern
2023/06/24 12:32:38 UTC,machine learning intern
2023/06/28 16:09:04 UTC,intern
2023/06/24 12:28:48 UTC,swe intern
2023/06/28 16:36:01 UTC,Software Engineer
2023/06/24 12:28:48 UTC,swe intern
2023/06/24 12:41:48 UTC,mapmyindia
2023/06/29 15:07:34 UTC,Software Engineer
2023/06/24 12:36:58 UTC,data science intern
2023/07/03 09:06:09 UTC,internships bangalore
2023/06/29 12:23:01 UTC,Software Engineer
2023/06/26 14:39:59 UTC,intern
2023/06/29 18:32:06 UTC,rajendran p
2023/06/28 06:55:42 UTC,Software Engineer
2023/08/05 16:02:57 UTC,intern
2023/07/23 05:44:30 UTC,ajitesh sriram
2023/08/07 15:58:33 UTC,intern
2023/08/05 17:04:01 UTC,intern
2023/07/25 17:07:09 UTC,intern
2023/07/30 16:08:09 UTC,intern
2023/07/16 13:08:39 UTC,Software Engineer
2023/07/12 07:41:08 UTC,sri harsha
2023/07/24 13:05:22 UTC,intern
2023/08/21 15:50:40 UTC,intern
2023/08/01 11:24:34 UTC,emotorad
2023/08/23 17:25:22 UTC,intern
2023/08/03 15:58:19 UTC,intern
2023/07/09 10:06:48 UTC,internships bangalore
2023/07/23 16:09:17 UTC,intern
2023/07/30 13:01:28 UTC,intern
2023/08/11 13:08:42 UTC,intern
2023/07/09 10:01:59 UTC,intern
2023/07/14 17:00:14 UTC,intern
2023/07/13 16:13:33 UTC,intern
2023/08/12 16:03:59 UTC,intern
2023/08/06 17:04:26 UTC,intern
2023/07/11 16:44:30 UTC,intern
2023/07/09 10:06:54 UTC,hyperverge
2023/07/09 13:00:37 UTC,intern
2023/07/31 17:14:52 UTC,intern
2023/07/23 16:58:02 UTC,intern
2023/08/24 16:06:54 UTC,intern
2023/07/22 16:06:19 UTC,intern
2023/07/09 09:59:48 UTC,machine learning intern
2023/07/07 16:23:52 UTC,intern
2023/07/09 09:59:48 UTC,intern
2023/07/31 16:02:39 UTC,intern
2023/08/25 15:56:27 UTC,intern
2023/07/17 17:24:40 UTC,intern
2023/08/06 16:25:48 UTC,intern
2023/07/08 17:07:07 UTC,intern
2023/08/01 15:59:32 UTC,intern
2023/07/31 16:02:39 UTC,intern
2023/08/13 17:08:43 UTC,intern
2023/08/14 17:10:26 UTC,intern
2023/07/24 16:03:40 UTC,intern
2023/07/15 04:06:03 UTC,Software Engineer
2023/07/26 16:03:01 UTC,intern
2023/08/03 15:58:20 UTC,intern
2023/08/10 16:02:24 UTC,intern
2023/08/23 16:32:55 UTC,intern
2023/07/13 17:07:32 UTC,intern
2023/08/19 16:56:56 UTC,intern
2023/08/10 16:02:24 UTC,intern
2023/08/03 17:08:27 UTC,intern
2023/07/28 16:26:10 UTC,intern
2023/07/19 16:08:13 UTC,intern
2023/07/11 17:00:15 UTC,intern
2023/08/23 16:32:55 UTC,intern
2023/08/18 16:57:18 UTC,intern
2023/07/11 14:37:41 UTC,ajit dharmarajan
2023/08/15 12:59:56 UTC,intern
2023/08/12 17:02:50 UTC,intern
2023/08/11 17:13:28 UTC,intern
2023/07/09 09:59:48 UTC,hyperverge
2023/08/06 16:25:48 UTC,intern
2023/08/10 16:02:24 UTC,intern
2023/08/04 13:10:33 UTC,intern
2023/08/08 16:56:05 UTC,intern
2023/07/09 10:04:59 UTC,software engineer intern
2023/08/08 13:11:21 UTC,intern
2023/07/29 12:50:29 UTC,intern
2023/07/23 05:44:30 UTC,ajitesh sriram
2023/07/20 17:05:12 UTC,intern
2023/08/08 16:06:16 UTC,intern
2023/07/09 10:06:54 UTC,machine learning intern
2023/07/09 09:59:48 UTC,back end intern
2023/07/09 10:04:59 UTC,tech intern
2023/07/09 16:10:34 UTC,intern
2023/08/25 15:56:27 UTC,intern
2023/07/09 10:02:05 UTC,intern
2023/08/05 16:02:57 UTC,intern
2023/07/20 13:03:21 UTC,intern
2023/08/09 17:24:54 UTC,intern
2023/08/13 12:55:13 UTC,intern
2023/08/19 12:59:13 UTC,intern
2023/07/09 10:02:05 UTC,tech intern
2023/08/11 16:11:14 UTC,intern
2023/08/09 13:06:48 UTC,intern
2023/07/09 13:00:37 UTC,intern
2023/07/13 16:13:33 UTC,intern
2023/08/20 15:58:44 UTC,intern
2023/07/17 16:30:51 UTC,intern
2023/08/19 16:16:51 UTC,intern
2023/11/06 14:00:28 UTC,intern
2023/11/24 16:52:37 UTC,intern
2023/11/17 17:09:42 UTC,intern
2023/10/25 17:04:04 UTC,intern
2023/10/21 16:13:05 UTC,intern
2023/11/30 17:04:46 UTC,intern
2023/11/13 17:53:54 UTC,intern
2023/11/05 09:59:51 UTC,hyperverge
2023/12/02 17:54:43 UTC,intern
2023/11/27 17:17:16 UTC,intern
2023/11/16 17:51:42 UTC,intern
2023/11/17 17:09:42 UTC,intern
2023/11/05 17:00:23 UTC,intern
2023/10/30 12:48:13 UTC,intern
2023/12/01 17:14:37 UTC,intern
2023/11/09 16:58:05 UTC,intern
2023/10/30 17:01:45 UTC,intern
2023/10/17 15:59:30 UTC,intern
2023/11/27 17:17:16 UTC,intern
2023/11/06 17:13:30 UTC,intern
2023/12/02 16:54:57 UTC,intern
2023/06/29 16:05:01 UTC,Software Engineer
2023/06/29 15:12:47 UTC,intern
2023/10/27 15:54:06 UTC,intern
2023/07/05 14:49:24 UTC,machine learning intern
2023/07/05 13:25:19 UTC,intern
2023/06/24 12:41:00 UTC,mapmyindia
2023/06/28 16:56:37 UTC,google internship
2023/10/24 12:59:42 UTC,intern
2023/06/25 05:33:37 UTC,Software Engineer
2023/06/28 16:56:37 UTC,google internship
2023/06/29 13:50:06 UTC,intern
2023/11/21 13:51:39 UTC,intern
2023/06/29 15:52:23 UTC,nithil kadungal
2023/06/29 18:26:43 UTC,nischal nair
2023/07/02 13:01:15 UTC,intern
2023/06/29 12:22:43 UTC,Software Engineer
2023/07/05 13:25:20 UTC,software engineer intern
2023/06/28 15:46:32 UTC,intern
2023/06/29 18:30:04 UTC,shyama isha home school
2023/11/27 14:05:46 UTC,intern
2023/06/28 17:03:40 UTC,Software Engineer
2023/06/29 18:31:56 UTC,gokul isha home school
2023/06/24 12:36:58 UTC,intern
2023/07/05 14:01:35 UTC,machine learning intern
2023/11/05 09:59:50 UTC,hyperverge
2023/07/05 13:41:40 UTC,software engineer intern
2023/06/24 12:29:49 UTC,swe intern
2023/06/28 06:23:27 UTC,software intern
2023/06/28 06:23:26 UTC,Software Engineer
2023/11/07 13:48:53 UTC,intern
2023/07/05 14:01:28 UTC,hyperverge
2023/11/14 13:56:18 UTC,intern
2023/12/03 14:05:37 UTC,intern
2023/06/24 12:43:43 UTC,Software Engineer
2023/06/24 12:37:45 UTC,Software Engineer Intern
2023/06/29 13:09:53 UTC,Software Engineer
2023/11/25 17:11:06 UTC,intern
2023/11/11 17:05:58 UTC,intern
2023/10/17 12:55:30 UTC,intern
2023/06/24 12:36:58 UTC,software intern
2023/10/29 15:58:21 UTC,intern
2023/11/22 04:04:53 UTC,intern
2023/07/04 16:00:44 UTC,intern
2023/06/24 12:36:58 UTC,data science intern
2023/11/19 17:04:25 UTC,intern
2023/07/04 12:51:33 UTC,siemens internship
2023/10/20 15:52:59 UTC,intern
2023/07/01 16:06:06 UTC,intern
2023/06/29 15:52:23 UTC,nithil das
2023/07/05 13:43:45 UTC,back end intern
2023/11/10 17:57:54 UTC,intern
2023/06/29 17:16:21 UTC,intern
2023/06/29 16:04:56 UTC,intern
2023/06/29 18:30:09 UTC,kavya isha home school
2023/06/30 13:20:01 UTC,intern
2023/06/24 12:34:39 UTC,software intern
2023/06/28 16:53:47 UTC,internin
2023/06/29 15:52:22 UTC,nitya menon
2023/06/28 16:58:53 UTC,amazon intenship
2023/07/02 16:07:05 UTC,intern
2023/10/16 12:56:10 UTC,intern
2023/12/01 17:14:37 UTC,intern
2023/07/05 13:25:08 UTC,software engineer intern
2023/11/23 17:59:07 UTC,intern
2023/06/28 16:58:53 UTC,amazon intenship
2023/07/04 17:04:02 UTC,intern
2023/06/28 16:09:04 UTC,intern
2023/06/24 12:38:51 UTC,intern
2023/11/30 13:56:21 UTC,intern
2023/11/22 02:29:49 UTC,intern
2023/07/05 14:01:28 UTC,hyperverge
2023/07/05 13:25:31 UTC,software engineer intern
2023/06/29 16:04:56 UTC,amazon intenship
2023/06/29 15:52:22 UTC,Software Engineer
2023/10/22 16:13:35 UTC,intern
2023/06/28 17:10:25 UTC,Software Engineer
2023/06/28 04:51:30 UTC,intern
2023/11/07 17:08:38 UTC,intern
2023/06/28 04:50:49 UTC,intern
2023/07/05 14:49:19 UTC,data science intern
2023/11/29 17:06:01 UTC,intern
2023/06/29 18:32:48 UTC,ramanujan isha home school
2023/06/25 05:25:20 UTC,Software Engineer
2023/11/02 17:46:16 UTC,intern
2023/11/16 17:03:57 UTC,intern
2023/11/10 17:05:11 UTC,intern
2023/10/31 16:19:17 UTC,intern
2023/06/29 18:33:03 UTC,kailash gautham
2023/06/26 14:39:58 UTC,intern
2023/11/03 13:02:39 UTC,intern
2023/11/22 04:04:53 UTC,intern
2023/11/23 17:05:04 UTC,intern
2023/11/02 17:46:16 UTC,intern
2023/11/11 14:03:25 UTC,intern
2023/11/18 17:10:17 UTC,intern
2023/11/28 17:53:21 UTC,intern
2023/11/05 09:59:52 UTC,hyperverge
2023/11/01 16:36:52 UTC,intern
2023/10/15 16:50:48 UTC,intern
2023/10/28 16:56:10 UTC,intern
2023/10/31 13:06:15 UTC,intern
2023/11/11 17:05:58 UTC,intern
2023/11/26 17:02:04 UTC,intern
2023/10/18 16:58:15 UTC,intern
2023/10/28 16:14:26 UTC,intern
2023/11/23 17:05:04 UTC,intern
2023/11/26 18:00:57 UTC,intern
2023/10/16 16:13:12 UTC,intern
2023/10/17 15:59:30 UTC,intern
2023/11/24 16:52:37 UTC,intern
2023/07/02 13:01:15 UTC,intern
2023/06/24 12:29:07 UTC,swe intern
2023/10/23 12:49:54 UTC,intern
2023/07/05 13:25:33 UTC,software engineer intern
2023/06/28 17:35:47 UTC,amazon intenship
2023/10/19 16:04:05 UTC,intern
2023/07/04 12:50:58 UTC,Software Engineer
2023/06/29 12:22:31 UTC,Software Engineer Intern
2023/07/05 14:01:35 UTC,data science intern
2023/10/22 16:13:35 UTC,intern
2023/06/28 16:56:35 UTC,google internship
2023/07/05 13:56:54 UTC,machine learning intern
2023/07/05 08:46:58 UTC,intern
2023/07/04 12:51:00 UTC,sei
2023/07/05 14:01:35 UTC,software engineer intern
2023/07/06 17:05:56 UTC,intern
2023/06/24 12:34:24 UTC,software intern
2023/06/29 12:22:35 UTC,Software Engineer
2023/06/24 16:44:32 UTC,machine learning intern
2023/11/23 13:56:39 UTC,intern
2023/06/26 17:08:53 UTC,intern
2023/11/13 14:11:19 UTC,intern
2023/06/28 16:03:59 UTC,swe intern
2023/06/24 12:36:35 UTC,intern
2023/06/24 12:21:56 UTC,intern
2023/11/19 17:04:25 UTC,intern
2023/06/28 16:58:59 UTC,amazon intenship
2023/07/03 16:04:30 UTC,intern
2023/11/15 14:15:27 UTC,intern
2023/07/04 16:00:44 UTC,intern
2023/07/05 17:18:30 UTC,intern
2023/06/29 18:29:55 UTC,shyama isha home achool
2023/11/29 17:06:01 UTC,intern
2023/10/23 15:59:57 UTC,intern
2023/06/26 14:39:58 UTC,software intern
2023/11/01 17:16:50 UTC,intern
2023/07/04 12:59:43 UTC,intern
2023/06/29 18:25:05 UTC,karn varshenaya
2023/06/28 15:35:17 UTC,intern
2023/11/24 17:45:41 UTC,intern
2023/06/29 15:45:19 UTC,swe internship
2023/06/24 12:34:39 UTC,software intern
2023/11/04 16:58:20 UTC,intern
2023/07/05 13:25:18 UTC,software engineer intern
2023/07/05 13:44:34 UTC,data science intern
2023/06/28 16:03:59 UTC,intern
2023/06/29 15:44:47 UTC,Software Engineer
2023/12/03 17:53:43 UTC,intern
2023/10/27 12:48:45 UTC,intern
2023/07/11 16:06:09 UTC,intern
2023/07/08 02:46:31 UTC,Software Engineer
2023/07/16 16:20:17 UTC,intern
2023/07/20 15:59:29 UTC,intern
2023/08/03 13:09:11 UTC,intern
2023/08/21 15:50:40 UTC,intern
2023/08/20 12:56:42 UTC,intern
2023/08/11 16:11:14 UTC,intern
2023/07/18 12:52:37 UTC,intern
2023/07/22 16:33:52 UTC,Software Engineer
2023/07/29 17:06:40 UTC,intern
2023/07/17 16:30:51 UTC,intern
2023/07/19 16:08:13 UTC,intern
2023/07/26 13:12:12 UTC,intern
2023/08/07 15:58:33 UTC,intern
2023/07/09 10:04:59 UTC,intern
2023/07/09 10:04:59 UTC,machine learning intern
2023/07/16 16:20:17 UTC,intern
2023/07/13 16:13:33 UTC,intern
2023/07/09 09:59:48 UTC,back end intern
2023/08/08 16:06:16 UTC,intern
2023/07/09 10:04:59 UTC,hyperverge
2023/07/30 17:02:52 UTC,intern
2023/07/29 16:06:07 UTC,intern
2023/07/31 13:03:26 UTC,intern
2023/07/15 13:02:53 UTC,intern
2023/07/21 17:08:47 UTC,intern
2023/08/02 16:07:43 UTC,intern
2023/07/09 17:07:08 UTC,intern
2023/08/02 13:05:07 UTC,intern
2023/07/09 10:06:54 UTC,tech intern
2023/08/21 15:50:40 UTC,intern
2023/08/04 16:00:56 UTC,intern
2023/08/07 15:58:33 UTC,intern
2023/07/16 16:57:26 UTC,intern
2023/08/22 16:03:55 UTC,intern
2023/08/17 16:03:19 UTC,intern
2023/07/23 16:09:17 UTC,intern
2023/07/10 17:15:36 UTC,intern
2023/07/27 16:08:03 UTC,intern
2023/08/05 13:00:34 UTC,intern
2023/07/08 16:10:26 UTC,intern
2023/07/09 10:04:59 UTC,internships bangalore
2023/08/08 16:56:05 UTC,intern
2023/07/15 16:09:34 UTC,intern
2023/08/15 16:25:18 UTC,intern
2023/07/22 17:01:33 UTC,intern
2023/07/12 07:41:10 UTC,sri harsha
2023/07/15 13:02:54 UTC,intern
2023/08/22 16:41:13 UTC,intern
2023/07/12 12:56:05 UTC,intern
2023/07/26 17:19:40 UTC,intern
2023/06/29 15:52:28 UTC,nithil kumaran
2023/12/03 17:11:32 UTC,intern
2023/06/27 17:05:16 UTC,intern
2023/11/12 18:00:25 UTC,intern
2023/06/29 18:29:56 UTC,shyama isha home achool
2023/11/04 16:05:56 UTC,intern
2023/11/07 17:08:38 UTC,intern
2023/11/19 13:53:27 UTC,intern
2023/06/28 17:35:51 UTC,intern
2023/11/13 17:04:00 UTC,intern
2023/10/23 15:59:57 UTC,intern
2023/12/01 17:57:01 UTC,intern
2023/07/01 16:36:43 UTC,amazon intenship
2023/11/30 17:43:33 UTC,intern
2023/06/25 05:33:54 UTC,Software Engineer
2023/11/28 17:53:21 UTC,intern
2023/10/16 16:13:12 UTC,intern
2023/07/04 12:59:43 UTC,intern
2023/10/26 12:50:47 UTC,intern
2023/11/22 02:29:48 UTC,intern
2023/07/05 13:25:20 UTC,internships bangalore
2023/06/29 18:32:08 UTC,rajendran p
2023/07/05 14:01:35 UTC,tech intern
2023/10/18 16:16:17 UTC,intern
2023/06/29 16:04:56 UTC,internin
2023/06/28 17:36:55 UTC,nis arend
2023/06/24 12:41:53 UTC,mapmyindia
2023/06/24 12:36:25 UTC,intern
2023/10/26 16:18:13 UTC,intern
2023/06/29 16:04:02 UTC,google internship
2023/06/28 16:59:00 UTC,amazon intenship
2023/10/21 16:13:05 UTC,intern
2023/06/24 12:22:32 UTC,intern
2023/10/15 16:17:42 UTC,intern
2023/10/29 17:10:34 UTC,intern
2023/06/24 12:32:19 UTC,swe intern
2023/07/05 13:56:56 UTC,machine learning intern
2023/10/29 15:58:21 UTC,intern
2023/11/12 13:49:26 UTC,intern
2023/06/29 15:45:48 UTC,sundar pichai
2023/10/25 13:01:50 UTC,intern
2023/07/05 13:25:41 UTC,software engineer intern
2023/06/29 16:13:45 UTC,Software Engineer
2023/07/05 13:43:23 UTC,tech intern
2023/10/22 12:59:33 UTC,intern
2023/11/01 16:36:52 UTC,intern
2023/06/29 18:25:21 UTC,karn varshneya
2023/06/28 16:03:58 UTC,intern
2023/11/02 17:38:47 UTC,Software Engineer
2023/06/26 14:39:57 UTC,intern
2023/11/03 16:02:37 UTC,intern
2023/11/12 17:05:16 UTC,intern
2023/11/06 17:59:31 UTC,intern
2023/07/03 09:06:12 UTC,internships bangalore
2023/06/24 12:29:05 UTC,swe intern
2023/11/26 14:06:38 UTC,intern
2023/07/05 13:08:55 UTC,intern
2023/12/02 16:54:57 UTC,intern
2023/11/01 13:26:42 UTC,intern
2023/10/24 16:09:46 UTC,intern
2023/11/01 15:01:56 UTC,Software Engineer
2023/11/09 13:56:35 UTC,intern
2023/11/26 17:02:04 UTC,intern
2023/10/25 16:15:52 UTC,intern
2023/11/13 17:04:00 UTC,intern
2023/11/09 16:58:05 UTC,intern
2023/10/21 12:53:50 UTC,intern
2023/11/05 17:59:33 UTC,intern
2023/10/22 17:05:25 UTC,intern
2023/11/22 17:07:30 UTC,intern
2023/11/14 17:03:18 UTC,intern
2023/10/28 12:46:00 UTC,intern
2023/11/30 17:04:46 UTC,intern
2023/11/02 13:37:28 UTC,intern
2023/10/28 16:14:26 UTC,intern
2023/10/26 17:02:35 UTC,intern
2023/11/02 18:06:16 UTC,intern
2023/11/24 13:55:41 UTC,intern
2023/10/30 15:54:01 UTC,intern
2023/11/28 14:14:23 UTC,intern
2023/10/31 17:27:33 UTC,intern
2023/07/09 10:06:48 UTC,data science intern
2023/08/16 17:01:51 UTC,intern
2023/10/08 16:00:47 UTC,intern
2023/08/16 13:24:39 UTC,intern
2023/09/09 16:05:49 UTC,intern
2023/07/27 17:12:31 UTC,intern
2023/09/27 16:04:26 UTC,intern
2023/10/01 16:53:14 UTC,intern
2023/08/22 16:03:55 UTC,intern
2023/07/09 10:02:05 UTC,software engineer intern
2023/07/11 14:37:45 UTC,ajit dharmarajan
2023/07/21 16:10:11 UTC,intern
2023/08/02 16:07:43 UTC,intern
2023/08/06 16:25:48 UTC,intern
2023/09/06 16:09:18 UTC,intern
2023/08/15 16:25:18 UTC,intern
2023/07/29 12:50:29 UTC,intern
2023/07/14 16:03:29 UTC,intern
2023/08/28 16:02:33 UTC,intern
2023/07/26 17:19:40 UTC,intern
2023/07/24 16:03:40 UTC,intern
2023/07/09 09:59:48 UTC,intern
2023/10/07 17:02:11 UTC,intern
2023/07/08 09:18:49 UTC,Software Engineer
2023/07/12 16:12:29 UTC,intern
2023/10/14 15:57:13 UTC,intern
2023/09/24 16:13:06 UTC,intern
2023/08/21 13:12:26 UTC,intern
2023/09/06 16:09:18 UTC,intern
2023/10/10 13:03:13 UTC,intern
2023/09/13 17:00:27 UTC,intern
2023/07/24 16:03:40 UTC,intern
2023/07/10 16:09:17 UTC,intern
2023/07/09 10:06:48 UTC,machine learning intern
2023/08/17 16:55:48 UTC,intern
2023/08/06 13:02:26 UTC,intern
2023/08/10 12:54:04 UTC,intern
2023/07/11 14:28:33 UTC,Software Engineer
2023/07/18 12:52:37 UTC,intern
2023/07/23 12:59:22 UTC,intern
2023/09/08 16:22:39 UTC,intern
2023/08/12 13:07:29 UTC,intern
2023/07/23 05:44:31 UTC,ajitesh sriram
2023/08/07 17:11:43 UTC,intern
2023/07/11 14:37:36 UTC,ajit dhayal
2023/09/18 17:13:38 UTC,intern
2023/10/07 16:09:10 UTC,intern
2023/08/26 12:50:46 UTC,intern
2023/07/11 14:29:30 UTC,back end intern
2023/08/07 13:10:58 UTC,intern
2023/08/14 16:09:37 UTC,intern
2023/09/22 12:49:27 UTC,intern
2023/08/04 16:00:56 UTC,intern
2023/09/03 15:56:09 UTC,intern
2023/07/27 12:49:40 UTC,intern
2023/08/10 17:08:09 UTC,intern
2023/07/09 10:06:48 UTC,software engineer intern
2023/10/12 13:03:10 UTC,intern
2023/06/29 16:35:30 UTC,Software Engineer
2023/10/11 17:15:51 UTC,intern
2023/08/31 13:01:54 UTC,intern
2023/06/24 12:37:11 UTC,swe intern
2023/08/29 12:58:08 UTC,intern
2023/06/28 15:35:16 UTC,intern
2023/07/05 13:25:41 UTC,intern
2023/06/28 16:55:24 UTC,InternIn
2023/08/30 16:01:34 UTC,intern
2023/10/11 12:56:16 UTC,intern
2023/09/08 17:03:11 UTC,intern
2023/06/28 16:56:38 UTC,swe internship
2023/07/05 14:36:02 UTC,Software Engineer
2023/09/22 16:00:51 UTC,intern
2023/09/25 03:27:59 UTC,Founder
2023/09/07 16:11:37 UTC,intern
2023/06/29 12:24:47 UTC,Software Engineer
2023/09/01 13:14:08 UTC,intern
2023/06/28 04:50:49 UTC,intern
2023/09/30 16:11:53 UTC,intern
2023/06/24 12:38:57 UTC,swe intern
2023/10/03 12:57:34 UTC,intern
2023/09/25 03:27:59 UTC,Founder
2023/09/02 12:58:23 UTC,intern
2023/10/05 16:15:00 UTC,intern
2023/09/12 15:58:27 UTC,intern
2023/06/29 18:28:52 UTC,arjun Sivakumar
2023/07/06 16:02:20 UTC,intern
2023/08/31 16:57:27 UTC,intern
2023/09/01 16:01:54 UTC,intern
2023/10/06 16:14:27 UTC,intern
2023/07/05 13:25:18 UTC,software engineer intern
2023/06/28 16:56:38 UTC,swe internship
2023/08/26 15:54:04 UTC,intern
2023/06/24 12:36:06 UTC,intern
2023/09/20 16:04:36 UTC,intern
2023/09/30 17:03:22 UTC,intern
2023/09/08 13:26:00 UTC,intern
2023/09/26 12:49:29 UTC,intern
2023/09/16 12:49:11 UTC,intern
2023/10/12 16:07:20 UTC,intern
2023/07/04 12:51:04 UTC,sidharth menon
2023/08/30 17:01:37 UTC,intern
2023/07/04 16:00:44 UTC,intern
2023/10/10 16:27:28 UTC,intern
2023/09/17 16:56:36 UTC,intern
2023/07/01 16:52:02 UTC,intern
2023/09/30 16:11:53 UTC,intern
2023/09/15 16:03:58 UTC,intern
2023/10/12 16:07:20 UTC,intern
2023/06/29 12:22:56 UTC,Software Engineer
2023/06/24 12:43:02 UTC,swe intern
2023/07/05 13:43:24 UTC,tech intern
2023/06/28 16:03:59 UTC,intern
2023/06/28 16:35:49 UTC,swe internship
2023/06/24 12:32:34 UTC,machine learning intern
2023/06/24 12:38:57 UTC,intern
2023/06/24 16:44:04 UTC,intern
2023/07/05 13:56:57 UTC,back end intern
2023/06/29 16:11:19 UTC,amazon intenship
2023/07/05 14:01:35 UTC,hyperverge
2023/06/28 16:36:10 UTC,swe internship
2023/06/24 12:47:48 UTC,makemytrip
2023/07/05 13:44:49 UTC,back end intern
2023/06/30 16:13:11 UTC,intern
2023/06/29 16:02:24 UTC,Software Engineer
2023/07/03 13:01:58 UTC,intern
2023/07/05 16:31:41 UTC,anand shankar hariharan
2023/06/28 04:51:30 UTC,intern
2023/06/30 17:11:34 UTC,intern
2023/07/05 14:01:28 UTC,hypera
2023/06/28 17:42:48 UTC,University of Maryland Baltimore County
2023/06/29 16:04:56 UTC,amazon intenship
2023/06/24 16:44:32 UTC,intern
2023/06/24 12:29:49 UTC,swe intern
2023/06/28 16:56:37 UTC,google internship
2023/06/29 16:36:15 UTC,Software Engineer Intern
2023/06/28 16:36:09 UTC,swe internship
2023/06/28 16:53:46 UTC,internin
2023/07/05 14:49:17 UTC,data science intern
2023/07/01 16:36:43 UTC,intern
2023/06/29 17:16:21 UTC,intern
2023/06/28 15:46:32 UTC,swe intern
2023/06/28 16:17:15 UTC,intern
2023/07/01 16:36:43 UTC,intern
2023/06/28 13:13:25 UTC,intern
2023/06/24 12:41:36 UTC,mapmyindia
2023/07/05 16:31:42 UTC,ola
2023/06/28 16:39:57 UTC,swe internship
2023/06/24 12:30:08 UTC,swe intern
2023/06/29 15:45:44 UTC,sundar pichai
2023/07/03 09:06:07 UTC,internships bangalore
2023/07/05 14:01:30 UTC,hyperverge
2023/06/24 12:32:49 UTC,machine learning intern
2023/06/29 15:22:43 UTC,dinesh radhakrishnan
2023/06/30 02:47:23 UTC,satyam badera
2023/06/24 16:44:32 UTC,software intern
2023/06/28 16:56:02 UTC,swe internship
2023/06/29 18:30:36 UTC,shyama muthu
2023/06/28 16:17:15 UTC,jp morgan
2023/06/26 14:39:58 UTC,data science intern
2023/06/28 17:35:47 UTC,intern
2023/06/24 12:43:00 UTC,swe intern
2023/06/24 16:44:32 UTC,mapmyindia
2023/06/24 12:42:54 UTC,swe intern
2023/06/28 16:17:15 UTC,jp morgan
2023/06/24 12:47:48 UTC,makemytrip
2023/06/24 12:29:58 UTC,swe intern
2023/06/28 16:09:04 UTC,swe intern
2023/06/26 13:04:55 UTC,intern
2023/07/05 14:01:35 UTC,hyperverge
2023/06/29 15:45:47 UTC,sundar pichai
2023/07/01 16:06:06 UTC,intern
2023/06/28 04:50:45 UTC,intern
2023/06/28 17:35:47 UTC,intern
2023/06/29 16:04:02 UTC,amazon intenship
2023/06/24 12:34:41 UTC,software intern
2023/07/03 09:06:12 UTC,intern
2023/06/24 12:32:19 UTC,swe intern
2023/06/28 17:09:16 UTC,intern
2023/06/28 16:53:46 UTC,internin
2023/06/29 12:21:58 UTC,Software Engineer
2023/06/24 16:44:39 UTC,intern
2023/06/28 04:50:50 UTC,intern
2023/06/24 12:37:15 UTC,swe intern
2023/07/05 13:08:55 UTC,intern
2023/06/24 12:28:09 UTC,swe intern
2023/06/28 16:36:10 UTC,intern
2023/06/28 15:35:17 UTC,swe intern
2023/07/05 13:43:23 UTC,tech intern
2023/07/05 14:01:35 UTC,back end intern
2023/06/29 15:08:17 UTC,Software Engineer
2023/06/29 15:52:23 UTC,nithi s
2023/06/29 18:26:43 UTC,nischal nair
2023/07/01 13:06:43 UTC,intern
2023/07/05 13:43:22 UTC,tech intern
2023/06/29 16:36:08 UTC,Software Engineer
2023/06/29 18:31:57 UTC,gokul isha home school
2023/06/28 16:58:59 UTC,amazon intenship
2023/06/29 13:08:55 UTC,Graphic Programmer
2023/06/29 18:33:04 UTC,kailash gautham
2023/06/29 18:30:36 UTC,shyama muthu
2023/06/26 14:39:58 UTC,machine learning intern
2023/07/03 09:06:12 UTC,internships bangalore
